{"accuracy": [0.5149999856948853, 0.8849999904632568, 0.9300000071525574, 0.9200000166893005, 0.949999988079071, 0.949999988079071, 0.9750000238418579, 0.9599999785423279], "loss": [2.2901668548583984, 0.2926125228404999, 0.19985145330429077, 0.26595741510391235, 0.12340804934501648, 0.13996022939682007, 0.09956652671098709, 0.08977611362934113], "val_accuracy": [0.8799999952316284, 1.0, 1.0, 1.0, 1.0, 1.0, 1.0, 1.0], "val_loss": [0.392905056476593, 0.06426849961280823, 0.023499200120568275, 0.05783790722489357, 0.06377482414245605, 0.06219349429011345, 0.031640440225601196, 0.053610194474458694]}