{"accuracy": [0.4300000071525574, 0.5249999761581421, 0.48500001430511475, 0.6399999856948853, 0.6000000238418579, 0.6499999761581421, 0.625, 0.6100000143051147, 0.5950000286102295, 0.6549999713897705, 0.6449999809265137, 0.6100000143051147, 0.625, 0.6600000262260437, 0.5899999737739563, 0.6349999904632568, 0.6100000143051147, 0.6650000214576721, 0.6650000214576721, 0.6050000190734863, 0.6600000262260437, 0.6600000262260437], "loss": [1.5920534133911133, 0.7483011484146118, 0.6981359124183655, 0.6399339437484741, 0.6682510375976562, 0.6134622097015381, 0.6337340474128723, 0.6017789244651794, 0.6499691605567932, 0.5879419445991516, 0.5837991237640381, 0.5857857465744019, 0.5907512903213501, 0.6237569451332092, 0.608692467212677, 0.5950602889060974, 0.5695154070854187, 0.5944634079933167, 0.568575918674469, 0.5856426954269409, 0.5973619222640991, 0.5659949779510498], "val_accuracy": [0.5, 0.699999988079071, 0.47999998927116394, 0.5, 0.5, 0.5, 0.7200000286102295, 0.7699999809265137, 0.6700000166893005, 0.5, 0.7699999809265137, 0.5400000214576721, 0.7699999809265137, 0.5, 0.7699999809265137, 0.5299999713897705, 0.7699999809265137, 0.7099999785423279, 0.6200000047683716, 0.7699999809265137, 0.7200000286102295, 0.5299999713897705], "val_loss": [0.8822757601737976, 0.6738291382789612, 0.6410284638404846, 0.7820329070091248, 0.7127435207366943, 0.6634505987167358, 0.5519002676010132, 0.5646839737892151, 0.5440446734428406, 0.6046721935272217, 0.5214852094650269, 0.5477989315986633, 0.5626676082611084, 0.6036261320114136, 0.5136324763298035, 0.5557910799980164, 0.4920916259288788, 0.5151633620262146, 0.5291499495506287, 0.500235915184021, 0.5150799751281738, 0.5531662702560425]}