{"accuracy": [0.28289473056793213, 0.31578946113586426, 0.4572368562221527, 0.6217105388641357, 0.7532894611358643, 0.7828947305679321, 0.8059210777282715, 0.8684210777282715, 0.8190789222717285, 0.8223684430122375, 0.8486841917037964, 0.9342105388641357, 0.9342105388641357, 0.9440789222717285, 0.9605262875556946, 0.9605262875556946, 0.9868420958518982, 0.9802631735801697, 0.9967105388641357, 0.9967105388641357], "loss": [1.752424955368042, 1.3432257175445557, 1.108848214149475, 0.7867709398269653, 0.6021378636360168, 0.44771090149879456, 0.46207448840141296, 0.3245348334312439, 0.33997178077697754, 0.3295554220676422, 0.2747099697589874, 0.20472291111946106, 0.15702657401561737, 0.13642410933971405, 0.13133108615875244, 0.11544343084096909, 0.07622984796762466, 0.06064624711871147, 0.030526403337717056, 0.03069211356341839], "val_accuracy": [0.25, 0.30263158679008484, 0.4868420958518982, 0.75, 1.0, 0.75, 0.75, 1.0, 0.75, 1.0, 1.0, 1.0, 1.0, 1.0, 1.0, 1.0, 1.0, 1.0, 1.0, 1.0], "val_loss": [1.3759297132492065, 1.2943081855773926, 1.1018580198287964, 0.6636278033256531, 0.43164193630218506, 0.42526906728744507, 0.43722859025001526, 0.26689404249191284, 0.27870965003967285, 0.2525808811187744, 0.19273021817207336, 0.08992701768875122, 0.06283821910619736, 0.09994351863861084, 0.11257101595401764, 0.05977599322795868, 0.05011146143078804, 0.04242665693163872, 0.010692748241126537, 0.005445186514407396]}